DICOMMergeFieldID,MergeFieldID,DICOMSRTemplateID,Name,Description,IsActive,ValueXPath,UnitsXPath,FindingSite,Property,Modifier,HasOBContext,HasLateralityContext
1,200000,1, PELVIS AND UTERUS UTERUS UTERUS HEIGHT, PELVIS AND UTERUS UTERUS UTERUS HEIGHT,1,/report/document/content/item/concept[@codValue='125000']/../item/concept[@codValue='125011']/../item/concept[@codValue='T-83000']/../item/concept[@codValue='11859-6']/../value,/report/document/content/item/concept[@codValue='125000']/../item/concept[@codValue='125011']/../item/concept[@codValue='T-83000']/../item/concept[@codValue='11859-6']/../unit,Pelvis and Uterus,NULL,NULL,0,0
2,200001,1, PELVIS AND UTERUS UTERUS UTERUS HEIGHT MEAN MEAN VALUE CHOSEN, PELVIS AND UTERUS UTERUS UTERUS HEIGHT MEAN MEAN VALUE CHOSEN,1,/report/document/content/item/concept[@codValue='125000']/../item/concept[@codValue='125011']/../item/concept[@codValue='T-83000']/../item/concept[@codValue='11859-6']/../item/concept[@codValue='121404']/../value[@codValue='121412']/../../item/concept[@codValue='121401']/../value[@codValue='R-00317']/../../value,/report/document/content/item/concept[@codValue='125000']/../item/concept[@codValue='125011']/../item/concept[@codValue='T-83000']/../item/concept[@codValue='11859-6']/../item/concept[@codValue='121404']/../value[@codValue='121412']/../../item/concept[@codValue='121401']/../value[@codValue='R-00317']/../../unit,Pelvis and Uterus,NULL,NULL,0,0
3,200002,1, PELVIS AND UTERUS UTERUS UTERUS LENGTH, PELVIS AND UTERUS UTERUS UTERUS LENGTH,1,/report/document/content/item/concept[@codValue='125000']/../item/concept[@codValue='125011']/../item/concept[@codValue='T-83000']/../item/concept[@codValue='11842-2']/../value,/report/document/content/item/concept[@codValue='125000']/../item/concept[@codValue='125011']/../item/concept[@codValue='T-83000']/../item/concept[@codValue='11842-2']/../unit,Pelvis and Uterus,NULL,NULL,0,0
4,200003,1, PELVIS AND UTERUS UTERUS UTERUS LENGTH MEAN MEAN VALUE CHOSEN, PELVIS AND UTERUS UTERUS UTERUS LENGTH MEAN MEAN VALUE CHOSEN,1,/report/document/content/item/concept[@codValue='125000']/../item/concept[@codValue='125011']/../item/concept[@codValue='T-83000']/../item/concept[@codValue='11842-2']/../item/concept[@codValue='121404']/../value[@codValue='121412']/../../item/concept[@codValue='121401']/../value[@codValue='R-00317']/../../value,/report/document/content/item/concept[@codValue='125000']/../item/concept[@codValue='125011']/../item/concept[@codValue='T-83000']/../item/concept[@codValue='11842-2']/../item/concept[@codValue='121404']/../value[@codValue='121412']/../../item/concept[@codValue='121401']/../value[@codValue='R-00317']/../../unit,Pelvis and Uterus,NULL,NULL,0,0
5,200004,1, PELVIS AND UTERUS UTERUS UTERUS WIDTH, PELVIS AND UTERUS UTERUS UTERUS WIDTH,1,/report/document/content/item/concept[@codValue='125000']/../item/concept[@codValue='125011']/../item/concept[@codValue='T-83000']/../item/concept[@codValue='11865-3']/../value,/report/document/content/item/concept[@codValue='125000']/../item/concept[@codValue='125011']/../item/concept[@codValue='T-83000']/../item/concept[@codValue='11865-3']/../unit,Pelvis and Uterus,NULL,NULL,0,0
6,200005,1, PELVIS AND UTERUS UTERUS UTERUS WIDTH MEAN MEAN VALUE CHOSEN, PELVIS AND UTERUS UTERUS UTERUS WIDTH MEAN MEAN VALUE CHOSEN,1,/report/document/content/item/concept[@codValue='125000']/../item/concept[@codValue='125011']/../item/concept[@codValue='T-83000']/../item/concept[@codValue='11865-3']/../item/concept[@codValue='121404']/../value[@codValue='121412']/../../item/concept[@codValue='121401']/../value[@codValue='R-00317']/../../value,/report/document/content/item/concept[@codValue='125000']/../item/concept[@codValue='125011']/../item/concept[@codValue='T-83000']/../item/concept[@codValue='11865-3']/../item/concept[@codValue='121404']/../value[@codValue='121412']/../../item/concept[@codValue='121401']/../value[@codValue='R-00317']/../../unit,Pelvis and Uterus,NULL,NULL,0,0
7,200006,1, PELVIS AND UTERUS UTERUS UTERUS VOLUME, PELVIS AND UTERUS UTERUS UTERUS VOLUME,1,/report/document/content/item/concept[@codValue='125000']/../item/concept[@codValue='125011']/../item/concept[@codValue='T-83000']/../item/concept[@codValue='33192-6']/../value,/report/document/content/item/concept[@codValue='125000']/../item/concept[@codValue='125011']/../item/concept[@codValue='T-83000']/../item/concept[@codValue='33192-6']/../unit,Pelvis and Uterus,NULL,NULL,0,0
8,200007,1, PELVIS AND UTERUS CERVIX LENGTH, PELVIS AND UTERUS CERVIX LENGTH,1,/report/document/content/item/concept[@codValue='125000']/../item/concept[@codValue='125011']/../item/concept[@codValue='11961-0']/../value,/report/document/content/item/concept[@codValue='125000']/../item/concept[@codValue='125011']/../item/concept[@codValue='11961-0']/../unit,Pelvis and Uterus,NULL,NULL,0,0
9,200008,1, PELVIS AND UTERUS CERVIX LENGTH MEAN MEAN VALUE CHOSEN, PELVIS AND UTERUS CERVIX LENGTH MEAN MEAN VALUE CHOSEN,1,/report/document/content/item/concept[@codValue='125000']/../item/concept[@codValue='125011']/../item/concept[@codValue='11961-0']/../item/concept[@codValue='121404']/../value[@codValue='121412']/../../item/concept[@codValue='121401']/../value[@codValue='R-00317']/../../value,/report/document/content/item/concept[@codValue='125000']/../item/concept[@codValue='125011']/../item/concept[@codValue='11961-0']/../item/concept[@codValue='121404']/../value[@codValue='121412']/../../item/concept[@codValue='121401']/../value[@codValue='R-00317']/../../unit,Pelvis and Uterus,NULL,NULL,0,0
10,200009,1, PELVIS AND UTERUS ENDOMETRIUM THICKNESS, PELVIS AND UTERUS ENDOMETRIUM THICKNESS,1,/report/document/content/item/concept[@codValue='125000']/../item/concept[@codValue='125011']/../item/concept[@codValue='12145-9']/../value,/report/document/content/item/concept[@codValue='125000']/../item/concept[@codValue='125011']/../item/concept[@codValue='12145-9']/../unit,Pelvis and Uterus,NULL,NULL,0,0
11,200010,1, PELVIS AND UTERUS ENDOMETRIUM THICKNESS MEAN MEAN VALUE CHOSEN, PELVIS AND UTERUS ENDOMETRIUM THICKNESS MEAN MEAN VALUE CHOSEN,1,/report/document/content/item/concept[@codValue='125000']/../item/concept[@codValue='125011']/../item/concept[@codValue='12145-9']/../item/concept[@codValue='121404']/../value[@codValue='121412']/../../item/concept[@codValue='121401']/../value[@codValue='R-00317']/../../value,/report/document/content/item/concept[@codValue='125000']/../item/concept[@codValue='125011']/../item/concept[@codValue='12145-9']/../item/concept[@codValue='121404']/../value[@codValue='121412']/../../item/concept[@codValue='121401']/../value[@codValue='R-00317']/../../unit,Pelvis and Uterus,NULL,NULL,0,0
12,200011,1, PELVIS AND UTERUS BLADDER HEIGHT MOST RECENT VALUE CHOSEN, PELVIS AND UTERUS BLADDER HEIGHT MOST RECENT VALUE CHOSEN,1,/report/document/content/item/concept[@codValue='125000']/../item/concept[@codValue='125011']/../item/concept[@codValue='C12011-03']/../item/concept[@codValue='121404']/../value[@codValue='121411']/../../value,/report/document/content/item/concept[@codValue='125000']/../item/concept[@codValue='125011']/../item/concept[@codValue='C12011-03']/../item/concept[@codValue='121404']/../value[@codValue='121411']/../../unit,Pelvis and Uterus,NULL,NULL,0,0
13,200012,1, PELVIS AND UTERUS BLADDER LENGTH MOST RECENT VALUE CHOSEN, PELVIS AND UTERUS BLADDER LENGTH MOST RECENT VALUE CHOSEN,1,/report/document/content/item/concept[@codValue='125000']/../item/concept[@codValue='125011']/../item/concept[@codValue='C12011-01']/../item/concept[@codValue='121404']/../value[@codValue='121411']/../../value,/report/document/content/item/concept[@codValue='125000']/../item/concept[@codValue='125011']/../item/concept[@codValue='C12011-01']/../item/concept[@codValue='121404']/../value[@codValue='121411']/../../unit,Pelvis and Uterus,NULL,NULL,0,0
14,200013,1, PELVIS AND UTERUS BLADDER WIDTH MOST RECENT VALUE CHOSEN, PELVIS AND UTERUS BLADDER WIDTH MOST RECENT VALUE CHOSEN,1,/report/document/content/item/concept[@codValue='125000']/../item/concept[@codValue='125011']/../item/concept[@codValue='C12011-02']/../item/concept[@codValue='121404']/../value[@codValue='121411']/../../value,/report/document/content/item/concept[@codValue='125000']/../item/concept[@codValue='125011']/../item/concept[@codValue='C12011-02']/../item/concept[@codValue='121404']/../value[@codValue='121411']/../../unit,Pelvis and Uterus,NULL,NULL,0,0
15,200014,1, PELVIS AND UTERUS POST VOID BLADDER HEIGHT MOST RECENT VALUE CHOSEN, PELVIS AND UTERUS POST VOID BLADDER HEIGHT MOST RECENT VALUE CHOSEN,1,/report/document/content/item/concept[@codValue='125000']/../item/concept[@codValue='125011']/../item/concept[@codValue='C12011-07']/../item/concept[@codValue='121404']/../value[@codValue='121411']/../../value,/report/document/content/item/concept[@codValue='125000']/../item/concept[@codValue='125011']/../item/concept[@codValue='C12011-07']/../item/concept[@codValue='121404']/../value[@codValue='121411']/../../unit,Pelvis and Uterus,NULL,NULL,0,0
16,200015,1, PELVIS AND UTERUS POST VOID BLADDER LENGTH MOST RECENT VALUE CHOSEN, PELVIS AND UTERUS POST VOID BLADDER LENGTH MOST RECENT VALUE CHOSEN,1,/report/document/content/item/concept[@codValue='125000']/../item/concept[@codValue='125011']/../item/concept[@codValue='C12011-05']/../item/concept[@codValue='121404']/../value[@codValue='121411']/../../value,/report/document/content/item/concept[@codValue='125000']/../item/concept[@codValue='125011']/../item/concept[@codValue='C12011-05']/../item/concept[@codValue='121404']/../value[@codValue='121411']/../../unit,Pelvis and Uterus,NULL,NULL,0,0
17,200016,1, PELVIS AND UTERUS POST VOID BLADDER WIDTH MOST RECENT VALUE CHOSEN, PELVIS AND UTERUS POST VOID BLADDER WIDTH MOST RECENT VALUE CHOSEN,1,/report/document/content/item/concept[@codValue='125000']/../item/concept[@codValue='125011']/../item/concept[@codValue='C12011-06']/../item/concept[@codValue='121404']/../value[@codValue='121411']/../../value,/report/document/content/item/concept[@codValue='125000']/../item/concept[@codValue='125011']/../item/concept[@codValue='C12011-06']/../item/concept[@codValue='121404']/../value[@codValue='121411']/../../unit,Pelvis and Uterus,NULL,NULL,0,0
18,200017,1, PELVIS AND UTERUS BLADDER VOLUME, PELVIS AND UTERUS BLADDER VOLUME,1,/report/document/content/item/concept[@codValue='125000']/../item/concept[@codValue='125011']/../item/concept[@codValue='C12011-04']/../value,/report/document/content/item/concept[@codValue='125000']/../item/concept[@codValue='125011']/../item/concept[@codValue='C12011-04']/../unit,Pelvis and Uterus,NULL,NULL,0,0
19,200018,1, PELVIS AND UTERUS POST VOID BLADDER VOLUME, PELVIS AND UTERUS POST VOID BLADDER VOLUME,1,/report/document/content/item/concept[@codValue='125000']/../item/concept[@codValue='125011']/../item/concept[@codValue='C12011-08']/../value,/report/document/content/item/concept[@codValue='125000']/../item/concept[@codValue='125011']/../item/concept[@codValue='C12011-08']/../unit,Pelvis and Uterus,NULL,NULL,0,0
20,200019,1, OVARIAN FOLLICLE LEFT 1 FOLLICLE DIAMETER FOLLICLE DIAMETER, OVARIAN FOLLICLE LEFT 1 FOLLICLE DIAMETER FOLLICLE DIAMETER,1,/report/document/content/item/concept[@codValue='125000']/../item/concept[@codValue='121070']/../item/concept[@codValue='G-C171']/../value[@codValue='G-A101']/../../item/concept[@codValue='G-C0E3']/../value[@codValue='T-87600']/../../item/concept[@codValue='125007']/../item[value='1']/concept[@codValue='12510']/../../item/concept[@codValue='11793-7']/../value,/report/document/content/item/concept[@codValue='125000']/../item/concept[@codValue='121070']/../item/concept[@codValue='G-C171']/../value[@codValue='G-A101']/../../item/concept[@codValue='G-C0E3']/../value[@codValue='T-87600']/../../item/concept[@codValue='125007']/../item[value='1']/concept[@codValue='12510']/../../item/concept[@codValue='11793-7']/../unit,Ovarian Follicle,NULL,NULL,1,1
21,200020,1, OVARIAN FOLLICLE LEFT 1 FOLLICLE DIAMETER FOLLICLE DIAMETER MEAN MEAN VALUE CHOSEN, OVARIAN FOLLICLE LEFT 1 FOLLICLE DIAMETER FOLLICLE DIAMETER MEAN MEAN VALUE CHOSEN,1,/report/document/content/item/concept[@codValue='125000']/../item/concept[@codValue='121070']/../item/concept[@codValue='G-C171']/../value[@codValue='G-A101']/../../item/concept[@codValue='G-C0E3']/../value[@codValue='T-87600']/../../item/concept[@codValue='125007']/../item[value='1']/concept[@codValue='12510']/../../item/concept[@codValue='11793-7']/../item/concept[@codValue='121404']/../value[@codValue='121412']/../../item/concept[@codValue='121401']/../value[@codValue='R-00317']/../../value,/report/document/content/item/concept[@codValue='125000']/../item/concept[@codValue='121070']/../item/concept[@codValue='G-C171']/../value[@codValue='G-A101']/../../item/concept[@codValue='G-C0E3']/../value[@codValue='T-87600']/../../item/concept[@codValue='125007']/../item[value='1']/concept[@codValue='12510']/../../item/concept[@codValue='11793-7']/../item/concept[@codValue='121404']/../value[@codValue='121412']/../../item/concept[@codValue='121401']/../value[@codValue='R-00317']/../../unit,Ovarian Follicle,NULL,NULL,1,1
22,200021,1, OVARIAN FOLLICLE LEFT 1 VOLUME, OVARIAN FOLLICLE LEFT 1 VOLUME,1,/report/document/content/item/concept[@codValue='125000']/../item/concept[@codValue='121070']/../item/concept[@codValue='G-C171']/../value[@codValue='G-A101']/../../item/concept[@codValue='G-C0E3']/../value[@codValue='T-87600']/../../item/concept[@codValue='125007']/../item[value='1']/concept[@codValue='12510']/../../item/concept[@codValue='G-D705']/../value,/report/document/content/item/concept[@codValue='125000']/../item/concept[@codValue='121070']/../item/concept[@codValue='G-C171']/../value[@codValue='G-A101']/../../item/concept[@codValue='G-C0E3']/../value[@codValue='T-87600']/../../item/concept[@codValue='125007']/../item[value='1']/concept[@codValue='12510']/../../item/concept[@codValue='G-D705']/../unit,Ovarian Follicle,NULL,NULL,1,1
23,200022,1, OVARIAN FOLLICLE LEFT 2 FOLLICLE DIAMETER FOLLICLE DIAMETER, OVARIAN FOLLICLE LEFT 2 FOLLICLE DIAMETER FOLLICLE DIAMETER,1,/report/document/content/item/concept[@codValue='125000']/../item/concept[@codValue='121070']/../item/concept[@codValue='G-C171']/../value[@codValue='G-A101']/../../item/concept[@codValue='G-C0E3']/../value[@codValue='T-87600']/../../item/concept[@codValue='125007']/../item[value='2']/concept[@codValue='12510']/../../item/concept[@codValue='11793-7']/../value,/report/document/content/item/concept[@codValue='125000']/../item/concept[@codValue='121070']/../item/concept[@codValue='G-C171']/../value[@codValue='G-A101']/../../item/concept[@codValue='G-C0E3']/../value[@codValue='T-87600']/../../item/concept[@codValue='125007']/../item[value='2']/concept[@codValue='12510']/../../item/concept[@codValue='11793-7']/../unit,Ovarian Follicle,NULL,NULL,1,1
24,200023,1, OVARIAN FOLLICLE LEFT 2 FOLLICLE DIAMETER FOLLICLE DIAMETER MEAN MEAN VALUE CHOSEN, OVARIAN FOLLICLE LEFT 2 FOLLICLE DIAMETER FOLLICLE DIAMETER MEAN MEAN VALUE CHOSEN,1,/report/document/content/item/concept[@codValue='125000']/../item/concept[@codValue='121070']/../item/concept[@codValue='G-C171']/../value[@codValue='G-A101']/../../item/concept[@codValue='G-C0E3']/../value[@codValue='T-87600']/../../item/concept[@codValue='125007']/../item[value='2']/concept[@codValue='12510']/../../item/concept[@codValue='11793-7']/../item/concept[@codValue='121404']/../value[@codValue='121412']/../../item/concept[@codValue='121401']/../value[@codValue='R-00317']/../../value,/report/document/content/item/concept[@codValue='125000']/../item/concept[@codValue='121070']/../item/concept[@codValue='G-C171']/../value[@codValue='G-A101']/../../item/concept[@codValue='G-C0E3']/../value[@codValue='T-87600']/../../item/concept[@codValue='125007']/../item[value='2']/concept[@codValue='12510']/../../item/concept[@codValue='11793-7']/../item/concept[@codValue='121404']/../value[@codValue='121412']/../../item/concept[@codValue='121401']/../value[@codValue='R-00317']/../../unit,Ovarian Follicle,NULL,NULL,1,1
25,200024,1, OVARIAN FOLLICLE LEFT 2 VOLUME, OVARIAN FOLLICLE LEFT 2 VOLUME,1,/report/document/content/item/concept[@codValue='125000']/../item/concept[@codValue='121070']/../item/concept[@codValue='G-C171']/../value[@codValue='G-A101']/../../item/concept[@codValue='G-C0E3']/../value[@codValue='T-87600']/../../item/concept[@codValue='125007']/../item[value='2']/concept[@codValue='12510']/../../item/concept[@codValue='G-D705']/../value,/report/document/content/item/concept[@codValue='125000']/../item/concept[@codValue='121070']/../item/concept[@codValue='G-C171']/../value[@codValue='G-A101']/../../item/concept[@codValue='G-C0E3']/../value[@codValue='T-87600']/../../item/concept[@codValue='125007']/../item[value='2']/concept[@codValue='12510']/../../item/concept[@codValue='G-D705']/../unit,Ovarian Follicle,NULL,NULL,1,1
26,200025,1, OVARIAN FOLLICLE LEFT 3 FOLLICLE DIAMETER FOLLICLE DIAMETER, OVARIAN FOLLICLE LEFT 3 FOLLICLE DIAMETER FOLLICLE DIAMETER,1,/report/document/content/item/concept[@codValue='125000']/../item/concept[@codValue='121070']/../item/concept[@codValue='G-C171']/../value[@codValue='G-A101']/../../item/concept[@codValue='G-C0E3']/../value[@codValue='T-87600']/../../item/concept[@codValue='125007']/../item[value='3']/concept[@codValue='12510']/../../item/concept[@codValue='11793-7']/../value,/report/document/content/item/concept[@codValue='125000']/../item/concept[@codValue='121070']/../item/concept[@codValue='G-C171']/../value[@codValue='G-A101']/../../item/concept[@codValue='G-C0E3']/../value[@codValue='T-87600']/../../item/concept[@codValue='125007']/../item[value='3']/concept[@codValue='12510']/../../item/concept[@codValue='11793-7']/../unit,Ovarian Follicle,NULL,NULL,1,1
27,200026,1, OVARIAN FOLLICLE LEFT 3 FOLLICLE DIAMETER FOLLICLE DIAMETER MEAN MEAN VALUE CHOSEN, OVARIAN FOLLICLE LEFT 3 FOLLICLE DIAMETER FOLLICLE DIAMETER MEAN MEAN VALUE CHOSEN,1,/report/document/content/item/concept[@codValue='125000']/../item/concept[@codValue='121070']/../item/concept[@codValue='G-C171']/../value[@codValue='G-A101']/../../item/concept[@codValue='G-C0E3']/../value[@codValue='T-87600']/../../item/concept[@codValue='125007']/../item[value='3']/concept[@codValue='12510']/../../item/concept[@codValue='11793-7']/../item/concept[@codValue='121404']/../value[@codValue='121412']/../../item/concept[@codValue='121401']/../value[@codValue='R-00317']/../../value,/report/document/content/item/concept[@codValue='125000']/../item/concept[@codValue='121070']/../item/concept[@codValue='G-C171']/../value[@codValue='G-A101']/../../item/concept[@codValue='G-C0E3']/../value[@codValue='T-87600']/../../item/concept[@codValue='125007']/../item[value='3']/concept[@codValue='12510']/../../item/concept[@codValue='11793-7']/../item/concept[@codValue='121404']/../value[@codValue='121412']/../../item/concept[@codValue='121401']/../value[@codValue='R-00317']/../../unit,Ovarian Follicle,NULL,NULL,1,1
28,200027,1, OVARIAN FOLLICLE LEFT 3 VOLUME, OVARIAN FOLLICLE LEFT 3 VOLUME,1,/report/document/content/item/concept[@codValue='125000']/../item/concept[@codValue='121070']/../item/concept[@codValue='G-C171']/../value[@codValue='G-A101']/../../item/concept[@codValue='G-C0E3']/../value[@codValue='T-87600']/../../item/concept[@codValue='125007']/../item[value='3']/concept[@codValue='12510']/../../item/concept[@codValue='G-D705']/../value,/report/document/content/item/concept[@codValue='125000']/../item/concept[@codValue='121070']/../item/concept[@codValue='G-C171']/../value[@codValue='G-A101']/../../item/concept[@codValue='G-C0E3']/../value[@codValue='T-87600']/../../item/concept[@codValue='125007']/../item[value='3']/concept[@codValue='12510']/../../item/concept[@codValue='G-D705']/../unit,Ovarian Follicle,NULL,NULL,1,1
29,200028,1, OVARIAN FOLLICLE LEFT 4 FOLLICLE DIAMETER FOLLICLE DIAMETER, OVARIAN FOLLICLE LEFT 4 FOLLICLE DIAMETER FOLLICLE DIAMETER,1,/report/document/content/item/concept[@codValue='125000']/../item/concept[@codValue='121070']/../item/concept[@codValue='G-C171']/../value[@codValue='G-A101']/../../item/concept[@codValue='G-C0E3']/../value[@codValue='T-87600']/../../item/concept[@codValue='125007']/../item[value='4']/concept[@codValue='12510']/../../item/concept[@codValue='11793-7']/../value,/report/document/content/item/concept[@codValue='125000']/../item/concept[@codValue='121070']/../item/concept[@codValue='G-C171']/../value[@codValue='G-A101']/../../item/concept[@codValue='G-C0E3']/../value[@codValue='T-87600']/../../item/concept[@codValue='125007']/../item[value='4']/concept[@codValue='12510']/../../item/concept[@codValue='11793-7']/../unit,Ovarian Follicle,NULL,NULL,1,1
30,200029,1, OVARIAN FOLLICLE LEFT 4 FOLLICLE DIAMETER FOLLICLE DIAMETER MEAN MEAN VALUE CHOSEN, OVARIAN FOLLICLE LEFT 4 FOLLICLE DIAMETER FOLLICLE DIAMETER MEAN MEAN VALUE CHOSEN,1,/report/document/content/item/concept[@codValue='125000']/../item/concept[@codValue='121070']/../item/concept[@codValue='G-C171']/../value[@codValue='G-A101']/../../item/concept[@codValue='G-C0E3']/../value[@codValue='T-87600']/../../item/concept[@codValue='125007']/../item[value='4']/concept[@codValue='12510']/../../item/concept[@codValue='11793-7']/../item/concept[@codValue='121404']/../value[@codValue='121412']/../../item/concept[@codValue='121401']/../value[@codValue='R-00317']/../../value,/report/document/content/item/concept[@codValue='125000']/../item/concept[@codValue='121070']/../item/concept[@codValue='G-C171']/../value[@codValue='G-A101']/../../item/concept[@codValue='G-C0E3']/../value[@codValue='T-87600']/../../item/concept[@codValue='125007']/../item[value='4']/concept[@codValue='12510']/../../item/concept[@codValue='11793-7']/../item/concept[@codValue='121404']/../value[@codValue='121412']/../../item/concept[@codValue='121401']/../value[@codValue='R-00317']/../../unit,Ovarian Follicle,NULL,NULL,1,1
31,200030,1, OVARIAN FOLLICLE LEFT 4 VOLUME, OVARIAN FOLLICLE LEFT 4 VOLUME,1,/report/document/content/item/concept[@codValue='125000']/../item/concept[@codValue='121070']/../item/concept[@codValue='G-C171']/../value[@codValue='G-A101']/../../item/concept[@codValue='G-C0E3']/../value[@codValue='T-87600']/../../item/concept[@codValue='125007']/../item[value='4']/concept[@codValue='12510']/../../item/concept[@codValue='G-D705']/../value,/report/document/content/item/concept[@codValue='125000']/../item/concept[@codValue='121070']/../item/concept[@codValue='G-C171']/../value[@codValue='G-A101']/../../item/concept[@codValue='G-C0E3']/../value[@codValue='T-87600']/../../item/concept[@codValue='125007']/../item[value='4']/concept[@codValue='12510']/../../item/concept[@codValue='G-D705']/../unit,Ovarian Follicle,NULL,NULL,1,1
32,200031,1, OVARIAN FOLLICLE LEFT 5 FOLLICLE DIAMETER FOLLICLE DIAMETER, OVARIAN FOLLICLE LEFT 5 FOLLICLE DIAMETER FOLLICLE DIAMETER,1,/report/document/content/item/concept[@codValue='125000']/../item/concept[@codValue='121070']/../item/concept[@codValue='G-C171']/../value[@codValue='G-A101']/../../item/concept[@codValue='G-C0E3']/../value[@codValue='T-87600']/../../item/concept[@codValue='125007']/../item[value='5']/concept[@codValue='12510']/../../item/concept[@codValue='11793-7']/../value,/report/document/content/item/concept[@codValue='125000']/../item/concept[@codValue='121070']/../item/concept[@codValue='G-C171']/../value[@codValue='G-A101']/../../item/concept[@codValue='G-C0E3']/../value[@codValue='T-87600']/../../item/concept[@codValue='125007']/../item[value='5']/concept[@codValue='12510']/../../item/concept[@codValue='11793-7']/../unit,Ovarian Follicle,NULL,NULL,1,1
33,200032,1, OVARIAN FOLLICLE LEFT 5 FOLLICLE DIAMETER FOLLICLE DIAMETER MEAN MEAN VALUE CHOSEN, OVARIAN FOLLICLE LEFT 5 FOLLICLE DIAMETER FOLLICLE DIAMETER MEAN MEAN VALUE CHOSEN,1,/report/document/content/item/concept[@codValue='125000']/../item/concept[@codValue='121070']/../item/concept[@codValue='G-C171']/../value[@codValue='G-A101']/../../item/concept[@codValue='G-C0E3']/../value[@codValue='T-87600']/../../item/concept[@codValue='125007']/../item[value='5']/concept[@codValue='12510']/../../item/concept[@codValue='11793-7']/../item/concept[@codValue='121404']/../value[@codValue='121412']/../../item/concept[@codValue='121401']/../value[@codValue='R-00317']/../../value,/report/document/content/item/concept[@codValue='125000']/../item/concept[@codValue='121070']/../item/concept[@codValue='G-C171']/../value[@codValue='G-A101']/../../item/concept[@codValue='G-C0E3']/../value[@codValue='T-87600']/../../item/concept[@codValue='125007']/../item[value='5']/concept[@codValue='12510']/../../item/concept[@codValue='11793-7']/../item/concept[@codValue='121404']/../value[@codValue='121412']/../../item/concept[@codValue='121401']/../value[@codValue='R-00317']/../../unit,Ovarian Follicle,NULL,NULL,1,1
34,200033,1, OVARIAN FOLLICLE LEFT 5 VOLUME, OVARIAN FOLLICLE LEFT 5 VOLUME,1,/report/document/content/item/concept[@codValue='125000']/../item/concept[@codValue='121070']/../item/concept[@codValue='G-C171']/../value[@codValue='G-A101']/../../item/concept[@codValue='G-C0E3']/../value[@codValue='T-87600']/../../item/concept[@codValue='125007']/../item[value='5']/concept[@codValue='12510']/../../item/concept[@codValue='G-D705']/../value,/report/document/content/item/concept[@codValue='125000']/../item/concept[@codValue='121070']/../item/concept[@codValue='G-C171']/../value[@codValue='G-A101']/../../item/concept[@codValue='G-C0E3']/../value[@codValue='T-87600']/../../item/concept[@codValue='125007']/../item[value='5']/concept[@codValue='12510']/../../item/concept[@codValue='G-D705']/../unit,Ovarian Follicle,NULL,NULL,1,1
35,200034,1, OVARIAN FOLLICLE LEFT 6 FOLLICLE DIAMETER FOLLICLE DIAMETER, OVARIAN FOLLICLE LEFT 6 FOLLICLE DIAMETER FOLLICLE DIAMETER,1,/report/document/content/item/concept[@codValue='125000']/../item/concept[@codValue='121070']/../item/concept[@codValue='G-C171']/../value[@codValue='G-A101']/../../item/concept[@codValue='G-C0E3']/../value[@codValue='T-87600']/../../item/concept[@codValue='125007']/../item[value='6']/concept[@codValue='12510']/../../item/concept[@codValue='11793-7']/../value,/report/document/content/item/concept[@codValue='125000']/../item/concept[@codValue='121070']/../item/concept[@codValue='G-C171']/../value[@codValue='G-A101']/../../item/concept[@codValue='G-C0E3']/../value[@codValue='T-87600']/../../item/concept[@codValue='125007']/../item[value='6']/concept[@codValue='12510']/../../item/concept[@codValue='11793-7']/../unit,Ovarian Follicle,NULL,NULL,1,1
36,200035,1, OVARIAN FOLLICLE LEFT 6 FOLLICLE DIAMETER FOLLICLE DIAMETER MEAN MEAN VALUE CHOSEN, OVARIAN FOLLICLE LEFT 6 FOLLICLE DIAMETER FOLLICLE DIAMETER MEAN MEAN VALUE CHOSEN,1,/report/document/content/item/concept[@codValue='125000']/../item/concept[@codValue='121070']/../item/concept[@codValue='G-C171']/../value[@codValue='G-A101']/../../item/concept[@codValue='G-C0E3']/../value[@codValue='T-87600']/../../item/concept[@codValue='125007']/../item[value='6']/concept[@codValue='12510']/../../item/concept[@codValue='11793-7']/../item/concept[@codValue='121404']/../value[@codValue='121412']/../../item/concept[@codValue='121401']/../value[@codValue='R-00317']/../../value,/report/document/content/item/concept[@codValue='125000']/../item/concept[@codValue='121070']/../item/concept[@codValue='G-C171']/../value[@codValue='G-A101']/../../item/concept[@codValue='G-C0E3']/../value[@codValue='T-87600']/../../item/concept[@codValue='125007']/../item[value='6']/concept[@codValue='12510']/../../item/concept[@codValue='11793-7']/../item/concept[@codValue='121404']/../value[@codValue='121412']/../../item/concept[@codValue='121401']/../value[@codValue='R-00317']/../../unit,Ovarian Follicle,NULL,NULL,1,1
37,200036,1, OVARIAN FOLLICLE LEFT 6 VOLUME, OVARIAN FOLLICLE LEFT 6 VOLUME,1,/report/document/content/item/concept[@codValue='125000']/../item/concept[@codValue='121070']/../item/concept[@codValue='G-C171']/../value[@codValue='G-A101']/../../item/concept[@codValue='G-C0E3']/../value[@codValue='T-87600']/../../item/concept[@codValue='125007']/../item[value='6']/concept[@codValue='12510']/../../item/concept[@codValue='G-D705']/../value,/report/document/content/item/concept[@codValue='125000']/../item/concept[@codValue='121070']/../item/concept[@codValue='G-C171']/../value[@codValue='G-A101']/../../item/concept[@codValue='G-C0E3']/../value[@codValue='T-87600']/../../item/concept[@codValue='125007']/../item[value='6']/concept[@codValue='12510']/../../item/concept[@codValue='G-D705']/../unit,Ovarian Follicle,NULL,NULL,1,1
38,200037,1, OVARIAN FOLLICLE LEFT 7 FOLLICLE DIAMETER FOLLICLE DIAMETER, OVARIAN FOLLICLE LEFT 7 FOLLICLE DIAMETER FOLLICLE DIAMETER,1,/report/document/content/item/concept[@codValue='125000']/../item/concept[@codValue='121070']/../item/concept[@codValue='G-C171']/../value[@codValue='G-A101']/../../item/concept[@codValue='G-C0E3']/../value[@codValue='T-87600']/../../item/concept[@codValue='125007']/../item[value='7']/concept[@codValue='12510']/../../item/concept[@codValue='11793-7']/../value,/report/document/content/item/concept[@codValue='125000']/../item/concept[@codValue='121070']/../item/concept[@codValue='G-C171']/../value[@codValue='G-A101']/../../item/concept[@codValue='G-C0E3']/../value[@codValue='T-87600']/../../item/concept[@codValue='125007']/../item[value='7']/concept[@codValue='12510']/../../item/concept[@codValue='11793-7']/../unit,Ovarian Follicle,NULL,NULL,1,1
39,200038,1, OVARIAN FOLLICLE LEFT 7 FOLLICLE DIAMETER FOLLICLE DIAMETER MEAN MEAN VALUE CHOSEN, OVARIAN FOLLICLE LEFT 7 FOLLICLE DIAMETER FOLLICLE DIAMETER MEAN MEAN VALUE CHOSEN,1,/report/document/content/item/concept[@codValue='125000']/../item/concept[@codValue='121070']/../item/concept[@codValue='G-C171']/../value[@codValue='G-A101']/../../item/concept[@codValue='G-C0E3']/../value[@codValue='T-87600']/../../item/concept[@codValue='125007']/../item[value='7']/concept[@codValue='12510']/../../item/concept[@codValue='11793-7']/../item/concept[@codValue='121404']/../value[@codValue='121412']/../../item/concept[@codValue='121401']/../value[@codValue='R-00317']/../../value,/report/document/content/item/concept[@codValue='125000']/../item/concept[@codValue='121070']/../item/concept[@codValue='G-C171']/../value[@codValue='G-A101']/../../item/concept[@codValue='G-C0E3']/../value[@codValue='T-87600']/../../item/concept[@codValue='125007']/../item[value='7']/concept[@codValue='12510']/../../item/concept[@codValue='11793-7']/../item/concept[@codValue='121404']/../value[@codValue='121412']/../../item/concept[@codValue='121401']/../value[@codValue='R-00317']/../../unit,Ovarian Follicle,NULL,NULL,1,1
40,200039,1, OVARIAN FOLLICLE LEFT 7 VOLUME, OVARIAN FOLLICLE LEFT 7 VOLUME,1,/report/document/content/item/concept[@codValue='125000']/../item/concept[@codValue='121070']/../item/concept[@codValue='G-C171']/../value[@codValue='G-A101']/../../item/concept[@codValue='G-C0E3']/../value[@codValue='T-87600']/../../item/concept[@codValue='125007']/../item[value='7']/concept[@codValue='12510']/../../item/concept[@codValue='G-D705']/../value,/report/document/content/item/concept[@codValue='125000']/../item/concept[@codValue='121070']/../item/concept[@codValue='G-C171']/../value[@codValue='G-A101']/../../item/concept[@codValue='G-C0E3']/../value[@codValue='T-87600']/../../item/concept[@codValue='125007']/../item[value='7']/concept[@codValue='12510']/../../item/concept[@codValue='G-D705']/../unit,Ovarian Follicle,NULL,NULL,1,1
41,200040,1, OVARIAN FOLLICLE LEFT 8 FOLLICLE DIAMETER FOLLICLE DIAMETER, OVARIAN FOLLICLE LEFT 8 FOLLICLE DIAMETER FOLLICLE DIAMETER,1,/report/document/content/item/concept[@codValue='125000']/../item/concept[@codValue='121070']/../item/concept[@codValue='G-C171']/../value[@codValue='G-A101']/../../item/concept[@codValue='G-C0E3']/../value[@codValue='T-87600']/../../item/concept[@codValue='125007']/../item[value='8']/concept[@codValue='12510']/../../item/concept[@codValue='11793-7']/../value,/report/document/content/item/concept[@codValue='125000']/../item/concept[@codValue='121070']/../item/concept[@codValue='G-C171']/../value[@codValue='G-A101']/../../item/concept[@codValue='G-C0E3']/../value[@codValue='T-87600']/../../item/concept[@codValue='125007']/../item[value='8']/concept[@codValue='12510']/../../item/concept[@codValue='11793-7']/../unit,Ovarian Follicle,NULL,NULL,1,1
42,200041,1, OVARIAN FOLLICLE LEFT 8 FOLLICLE DIAMETER FOLLICLE DIAMETER MEAN MEAN VALUE CHOSEN, OVARIAN FOLLICLE LEFT 8 FOLLICLE DIAMETER FOLLICLE DIAMETER MEAN MEAN VALUE CHOSEN,1,/report/document/content/item/concept[@codValue='125000']/../item/concept[@codValue='121070']/../item/concept[@codValue='G-C171']/../value[@codValue='G-A101']/../../item/concept[@codValue='G-C0E3']/../value[@codValue='T-87600']/../../item/concept[@codValue='125007']/../item[value='8']/concept[@codValue='12510']/../../item/concept[@codValue='11793-7']/../item/concept[@codValue='121404']/../value[@codValue='121412']/../../item/concept[@codValue='121401']/../value[@codValue='R-00317']/../../value,/report/document/content/item/concept[@codValue='125000']/../item/concept[@codValue='121070']/../item/concept[@codValue='G-C171']/../value[@codValue='G-A101']/../../item/concept[@codValue='G-C0E3']/../value[@codValue='T-87600']/../../item/concept[@codValue='125007']/../item[value='8']/concept[@codValue='12510']/../../item/concept[@codValue='11793-7']/../item/concept[@codValue='121404']/../value[@codValue='121412']/../../item/concept[@codValue='121401']/../value[@codValue='R-00317']/../../unit,Ovarian Follicle,NULL,NULL,1,1
43,200042,1, OVARIAN FOLLICLE LEFT 8 VOLUME, OVARIAN FOLLICLE LEFT 8 VOLUME,1,/report/document/content/item/concept[@codValue='125000']/../item/concept[@codValue='121070']/../item/concept[@codValue='G-C171']/../value[@codValue='G-A101']/../../item/concept[@codValue='G-C0E3']/../value[@codValue='T-87600']/../../item/concept[@codValue='125007']/../item[value='8']/concept[@codValue='12510']/../../item/concept[@codValue='G-D705']/../value,/report/document/content/item/concept[@codValue='125000']/../item/concept[@codValue='121070']/../item/concept[@codValue='G-C171']/../value[@codValue='G-A101']/../../item/concept[@codValue='G-C0E3']/../value[@codValue='T-87600']/../../item/concept[@codValue='125007']/../item[value='8']/concept[@codValue='12510']/../../item/concept[@codValue='G-D705']/../unit,Ovarian Follicle,NULL,NULL,1,1
44,200043,1, OVARIAN FOLLICLE LEFT 9 FOLLICLE DIAMETER FOLLICLE DIAMETER, OVARIAN FOLLICLE LEFT 9 FOLLICLE DIAMETER FOLLICLE DIAMETER,1,/report/document/content/item/concept[@codValue='125000']/../item/concept[@codValue='121070']/../item/concept[@codValue='G-C171']/../value[@codValue='G-A101']/../../item/concept[@codValue='G-C0E3']/../value[@codValue='T-87600']/../../item/concept[@codValue='125007']/../item[value='9']/concept[@codValue='12510']/../../item/concept[@codValue='11793-7']/../value,/report/document/content/item/concept[@codValue='125000']/../item/concept[@codValue='121070']/../item/concept[@codValue='G-C171']/../value[@codValue='G-A101']/../../item/concept[@codValue='G-C0E3']/../value[@codValue='T-87600']/../../item/concept[@codValue='125007']/../item[value='9']/concept[@codValue='12510']/../../item/concept[@codValue='11793-7']/../unit,Ovarian Follicle,NULL,NULL,1,1
45,200044,1, OVARIAN FOLLICLE LEFT 9 FOLLICLE DIAMETER FOLLICLE DIAMETER MEAN MEAN VALUE CHOSEN, OVARIAN FOLLICLE LEFT 9 FOLLICLE DIAMETER FOLLICLE DIAMETER MEAN MEAN VALUE CHOSEN,1,/report/document/content/item/concept[@codValue='125000']/../item/concept[@codValue='121070']/../item/concept[@codValue='G-C171']/../value[@codValue='G-A101']/../../item/concept[@codValue='G-C0E3']/../value[@codValue='T-87600']/../../item/concept[@codValue='125007']/../item[value='9']/concept[@codValue='12510']/../../item/concept[@codValue='11793-7']/../item/concept[@codValue='121404']/../value[@codValue='121412']/../../item/concept[@codValue='121401']/../value[@codValue='R-00317']/../../value,/report/document/content/item/concept[@codValue='125000']/../item/concept[@codValue='121070']/../item/concept[@codValue='G-C171']/../value[@codValue='G-A101']/../../item/concept[@codValue='G-C0E3']/../value[@codValue='T-87600']/../../item/concept[@codValue='125007']/../item[value='9']/concept[@codValue='12510']/../../item/concept[@codValue='11793-7']/../item/concept[@codValue='121404']/../value[@codValue='121412']/../../item/concept[@codValue='121401']/../value[@codValue='R-00317']/../../unit,Ovarian Follicle,NULL,NULL,1,1
46,200045,1, OVARIAN FOLLICLE LEFT 9 VOLUME, OVARIAN FOLLICLE LEFT 9 VOLUME,1,/report/document/content/item/concept[@codValue='125000']/../item/concept[@codValue='121070']/../item/concept[@codValue='G-C171']/../value[@codValue='G-A101']/../../item/concept[@codValue='G-C0E3']/../value[@codValue='T-87600']/../../item/concept[@codValue='125007']/../item[value='9']/concept[@codValue='12510']/../../item/concept[@codValue='G-D705']/../value,/report/document/content/item/concept[@codValue='125000']/../item/concept[@codValue='121070']/../item/concept[@codValue='G-C171']/../value[@codValue='G-A101']/../../item/concept[@codValue='G-C0E3']/../value[@codValue='T-87600']/../../item/concept[@codValue='125007']/../item[value='9']/concept[@codValue='12510']/../../item/concept[@codValue='G-D705']/../unit,Ovarian Follicle,NULL,NULL,1,1
47,200046,1, OVARIAN FOLLICLE LEFT 10 FOLLICLE DIAMETER FOLLICLE DIAMETER, OVARIAN FOLLICLE LEFT 10 FOLLICLE DIAMETER FOLLICLE DIAMETER,1,/report/document/content/item/concept[@codValue='125000']/../item/concept[@codValue='121070']/../item/concept[@codValue='G-C171']/../value[@codValue='G-A101']/../../item/concept[@codValue='G-C0E3']/../value[@codValue='T-87600']/../../item/concept[@codValue='125007']/../item[value='10']/concept[@codValue='12510']/../../item/concept[@codValue='11793-7']/../value,/report/document/content/item/concept[@codValue='125000']/../item/concept[@codValue='121070']/../item/concept[@codValue='G-C171']/../value[@codValue='G-A101']/../../item/concept[@codValue='G-C0E3']/../value[@codValue='T-87600']/../../item/concept[@codValue='125007']/../item[value='10']/concept[@codValue='12510']/../../item/concept[@codValue='11793-7']/../unit,Ovarian Follicle,NULL,NULL,1,1
48,200047,1, OVARIAN FOLLICLE LEFT 10 FOLLICLE DIAMETER FOLLICLE DIAMETER MEAN MEAN VALUE CHOSEN, OVARIAN FOLLICLE LEFT 10 FOLLICLE DIAMETER FOLLICLE DIAMETER MEAN MEAN VALUE CHOSEN,1,/report/document/content/item/concept[@codValue='125000']/../item/concept[@codValue='121070']/../item/concept[@codValue='G-C171']/../value[@codValue='G-A101']/../../item/concept[@codValue='G-C0E3']/../value[@codValue='T-87600']/../../item/concept[@codValue='125007']/../item[value='10']/concept[@codValue='12510']/../../item/concept[@codValue='11793-7']/../item/concept[@codValue='121404']/../value[@codValue='121412']/../../item/concept[@codValue='121401']/../value[@codValue='R-00317']/../../value,/report/document/content/item/concept[@codValue='125000']/../item/concept[@codValue='121070']/../item/concept[@codValue='G-C171']/../value[@codValue='G-A101']/../../item/concept[@codValue='G-C0E3']/../value[@codValue='T-87600']/../../item/concept[@codValue='125007']/../item[value='10']/concept[@codValue='12510']/../../item/concept[@codValue='11793-7']/../item/concept[@codValue='121404']/../value[@codValue='121412']/../../item/concept[@codValue='121401']/../value[@codValue='R-00317']/../../unit,Ovarian Follicle,NULL,NULL,1,1
49,200048,1, OVARIAN FOLLICLE LEFT 10 VOLUME, OVARIAN FOLLICLE LEFT 10 VOLUME,1,/report/document/content/item/concept[@codValue='125000']/../item/concept[@codValue='121070']/../item/concept[@codValue='G-C171']/../value[@codValue='G-A101']/../../item/concept[@codValue='G-C0E3']/../value[@codValue='T-87600']/../../item/concept[@codValue='125007']/../item[value='10']/concept[@codValue='12510']/../../item/concept[@codValue='G-D705']/../value,/report/document/content/item/concept[@codValue='125000']/../item/concept[@codValue='121070']/../item/concept[@codValue='G-C171']/../value[@codValue='G-A101']/../../item/concept[@codValue='G-C0E3']/../value[@codValue='T-87600']/../../item/concept[@codValue='125007']/../item[value='10']/concept[@codValue='12510']/../../item/concept[@codValue='G-D705']/../unit,Ovarian Follicle,NULL,NULL,1,1
50,200049,1, OVARIAN FOLLICLE RIGHT 1 FOLLICLE DIAMETER FOLLICLE DIAMETER, OVARIAN FOLLICLE RIGHT 1 FOLLICLE DIAMETER FOLLICLE DIAMETER,1,/report/document/content/item/concept[@codValue='125000']/../item/concept[@codValue='121070']/../item/concept[@codValue='G-C171']/../value[@codValue='G-A100']/../../item/concept[@codValue='G-C0E3']/../value[@codValue='T-87600']/../../item/concept[@codValue='125007']/../item[value='1']/concept[@codValue='12510']/../../item/concept[@codValue='11793-7']/../value,/report/document/content/item/concept[@codValue='125000']/../item/concept[@codValue='121070']/../item/concept[@codValue='G-C171']/../value[@codValue='G-A100']/../../item/concept[@codValue='G-C0E3']/../value[@codValue='T-87600']/../../item/concept[@codValue='125007']/../item[value='1']/concept[@codValue='12510']/../../item/concept[@codValue='11793-7']/../unit,Ovarian Follicle,NULL,NULL,1,1
51,200050,1, OVARIAN FOLLICLE RIGHT 1 FOLLICLE DIAMETER FOLLICLE DIAMETER MEAN MEAN VALUE CHOSEN, OVARIAN FOLLICLE RIGHT 1 FOLLICLE DIAMETER FOLLICLE DIAMETER MEAN MEAN VALUE CHOSEN,1,/report/document/content/item/concept[@codValue='125000']/../item/concept[@codValue='121070']/../item/concept[@codValue='G-C171']/../value[@codValue='G-A100']/../../item/concept[@codValue='G-C0E3']/../value[@codValue='T-87600']/../../item/concept[@codValue='125007']/../item[value='1']/concept[@codValue='12510']/../../item/concept[@codValue='11793-7']/../item/concept[@codValue='121404']/../value[@codValue='121412']/../../item/concept[@codValue='121401']/../value[@codValue='R-00317']/../../value,/report/document/content/item/concept[@codValue='125000']/../item/concept[@codValue='121070']/../item/concept[@codValue='G-C171']/../value[@codValue='G-A100']/../../item/concept[@codValue='G-C0E3']/../value[@codValue='T-87600']/../../item/concept[@codValue='125007']/../item[value='1']/concept[@codValue='12510']/../../item/concept[@codValue='11793-7']/../item/concept[@codValue='121404']/../value[@codValue='121412']/../../item/concept[@codValue='121401']/../value[@codValue='R-00317']/../../unit,Ovarian Follicle,NULL,NULL,1,1
52,200051,1, OVARIAN FOLLICLE RIGHT 1 VOLUME, OVARIAN FOLLICLE RIGHT 1 VOLUME,1,/report/document/content/item/concept[@codValue='125000']/../item/concept[@codValue='121070']/../item/concept[@codValue='G-C171']/../value[@codValue='G-A100']/../../item/concept[@codValue='G-C0E3']/../value[@codValue='T-87600']/../../item/concept[@codValue='125007']/../item[value='1']/concept[@codValue='12510']/../../item/concept[@codValue='G-D705']/../value,/report/document/content/item/concept[@codValue='125000']/../item/concept[@codValue='121070']/../item/concept[@codValue='G-C171']/../value[@codValue='G-A100']/../../item/concept[@codValue='G-C0E3']/../value[@codValue='T-87600']/../../item/concept[@codValue='125007']/../item[value='1']/concept[@codValue='12510']/../../item/concept[@codValue='G-D705']/../unit,Ovarian Follicle,NULL,NULL,1,1
53,200052,1, OVARIAN FOLLICLE RIGHT 2 FOLLICLE DIAMETER FOLLICLE DIAMETER, OVARIAN FOLLICLE RIGHT 2 FOLLICLE DIAMETER FOLLICLE DIAMETER,1,/report/document/content/item/concept[@codValue='125000']/../item/concept[@codValue='121070']/../item/concept[@codValue='G-C171']/../value[@codValue='G-A100']/../../item/concept[@codValue='G-C0E3']/../value[@codValue='T-87600']/../../item/concept[@codValue='125007']/../item[value='2']/concept[@codValue='12510']/../../item/concept[@codValue='11793-7']/../value,/report/document/content/item/concept[@codValue='125000']/../item/concept[@codValue='121070']/../item/concept[@codValue='G-C171']/../value[@codValue='G-A100']/../../item/concept[@codValue='G-C0E3']/../value[@codValue='T-87600']/../../item/concept[@codValue='125007']/../item[value='2']/concept[@codValue='12510']/../../item/concept[@codValue='11793-7']/../unit,Ovarian Follicle,NULL,NULL,1,1
54,200053,1, OVARIAN FOLLICLE RIGHT 2 FOLLICLE DIAMETER FOLLICLE DIAMETER MEAN MEAN VALUE CHOSEN, OVARIAN FOLLICLE RIGHT 2 FOLLICLE DIAMETER FOLLICLE DIAMETER MEAN MEAN VALUE CHOSEN,1,/report/document/content/item/concept[@codValue='125000']/../item/concept[@codValue='121070']/../item/concept[@codValue='G-C171']/../value[@codValue='G-A100']/../../item/concept[@codValue='G-C0E3']/../value[@codValue='T-87600']/../../item/concept[@codValue='125007']/../item[value='2']/concept[@codValue='12510']/../../item/concept[@codValue='11793-7']/../item/concept[@codValue='121404']/../value[@codValue='121412']/../../item/concept[@codValue='121401']/../value[@codValue='R-00317']/../../value,/report/document/content/item/concept[@codValue='125000']/../item/concept[@codValue='121070']/../item/concept[@codValue='G-C171']/../value[@codValue='G-A100']/../../item/concept[@codValue='G-C0E3']/../value[@codValue='T-87600']/../../item/concept[@codValue='125007']/../item[value='2']/concept[@codValue='12510']/../../item/concept[@codValue='11793-7']/../item/concept[@codValue='121404']/../value[@codValue='121412']/../../item/concept[@codValue='121401']/../value[@codValue='R-00317']/../../unit,Ovarian Follicle,NULL,NULL,1,1
55,200054,1, OVARIAN FOLLICLE RIGHT 2 VOLUME, OVARIAN FOLLICLE RIGHT 2 VOLUME,1,/report/document/content/item/concept[@codValue='125000']/../item/concept[@codValue='121070']/../item/concept[@codValue='G-C171']/../value[@codValue='G-A100']/../../item/concept[@codValue='G-C0E3']/../value[@codValue='T-87600']/../../item/concept[@codValue='125007']/../item[value='2']/concept[@codValue='12510']/../../item/concept[@codValue='G-D705']/../value,/report/document/content/item/concept[@codValue='125000']/../item/concept[@codValue='121070']/../item/concept[@codValue='G-C171']/../value[@codValue='G-A100']/../../item/concept[@codValue='G-C0E3']/../value[@codValue='T-87600']/../../item/concept[@codValue='125007']/../item[value='2']/concept[@codValue='12510']/../../item/concept[@codValue='G-D705']/../unit,Ovarian Follicle,NULL,NULL,1,1
56,200055,1, OVARIAN FOLLICLE RIGHT 3 FOLLICLE DIAMETER FOLLICLE DIAMETER, OVARIAN FOLLICLE RIGHT 3 FOLLICLE DIAMETER FOLLICLE DIAMETER,1,/report/document/content/item/concept[@codValue='125000']/../item/concept[@codValue='121070']/../item/concept[@codValue='G-C171']/../value[@codValue='G-A100']/../../item/concept[@codValue='G-C0E3']/../value[@codValue='T-87600']/../../item/concept[@codValue='125007']/../item[value='3']/concept[@codValue='12510']/../../item/concept[@codValue='11793-7']/../value,/report/document/content/item/concept[@codValue='125000']/../item/concept[@codValue='121070']/../item/concept[@codValue='G-C171']/../value[@codValue='G-A100']/../../item/concept[@codValue='G-C0E3']/../value[@codValue='T-87600']/../../item/concept[@codValue='125007']/../item[value='3']/concept[@codValue='12510']/../../item/concept[@codValue='11793-7']/../unit,Ovarian Follicle,NULL,NULL,1,1
57,200056,1, OVARIAN FOLLICLE RIGHT 3 FOLLICLE DIAMETER FOLLICLE DIAMETER MEAN MEAN VALUE CHOSEN, OVARIAN FOLLICLE RIGHT 3 FOLLICLE DIAMETER FOLLICLE DIAMETER MEAN MEAN VALUE CHOSEN,1,/report/document/content/item/concept[@codValue='125000']/../item/concept[@codValue='121070']/../item/concept[@codValue='G-C171']/../value[@codValue='G-A100']/../../item/concept[@codValue='G-C0E3']/../value[@codValue='T-87600']/../../item/concept[@codValue='125007']/../item[value='3']/concept[@codValue='12510']/../../item/concept[@codValue='11793-7']/../item/concept[@codValue='121404']/../value[@codValue='121412']/../../item/concept[@codValue='121401']/../value[@codValue='R-00317']/../../value,/report/document/content/item/concept[@codValue='125000']/../item/concept[@codValue='121070']/../item/concept[@codValue='G-C171']/../value[@codValue='G-A100']/../../item/concept[@codValue='G-C0E3']/../value[@codValue='T-87600']/../../item/concept[@codValue='125007']/../item[value='3']/concept[@codValue='12510']/../../item/concept[@codValue='11793-7']/../item/concept[@codValue='121404']/../value[@codValue='121412']/../../item/concept[@codValue='121401']/../value[@codValue='R-00317']/../../unit,Ovarian Follicle,NULL,NULL,1,1
58,200057,1, OVARIAN FOLLICLE RIGHT 3 VOLUME, OVARIAN FOLLICLE RIGHT 3 VOLUME,1,/report/document/content/item/concept[@codValue='125000']/../item/concept[@codValue='121070']/../item/concept[@codValue='G-C171']/../value[@codValue='G-A100']/../../item/concept[@codValue='G-C0E3']/../value[@codValue='T-87600']/../../item/concept[@codValue='125007']/../item[value='3']/concept[@codValue='12510']/../../item/concept[@codValue='G-D705']/../value,/report/document/content/item/concept[@codValue='125000']/../item/concept[@codValue='121070']/../item/concept[@codValue='G-C171']/../value[@codValue='G-A100']/../../item/concept[@codValue='G-C0E3']/../value[@codValue='T-87600']/../../item/concept[@codValue='125007']/../item[value='3']/concept[@codValue='12510']/../../item/concept[@codValue='G-D705']/../unit,Ovarian Follicle,NULL,NULL,1,1
59,200058,1, OVARIAN FOLLICLE RIGHT 4 FOLLICLE DIAMETER FOLLICLE DIAMETER, OVARIAN FOLLICLE RIGHT 4 FOLLICLE DIAMETER FOLLICLE DIAMETER,1,/report/document/content/item/concept[@codValue='125000']/../item/concept[@codValue='121070']/../item/concept[@codValue='G-C171']/../value[@codValue='G-A100']/../../item/concept[@codValue='G-C0E3']/../value[@codValue='T-87600']/../../item/concept[@codValue='125007']/../item[value='4']/concept[@codValue='12510']/../../item/concept[@codValue='11793-7']/../value,/report/document/content/item/concept[@codValue='125000']/../item/concept[@codValue='121070']/../item/concept[@codValue='G-C171']/../value[@codValue='G-A100']/../../item/concept[@codValue='G-C0E3']/../value[@codValue='T-87600']/../../item/concept[@codValue='125007']/../item[value='4']/concept[@codValue='12510']/../../item/concept[@codValue='11793-7']/../unit,Ovarian Follicle,NULL,NULL,1,1
60,200059,1, OVARIAN FOLLICLE RIGHT 4 FOLLICLE DIAMETER FOLLICLE DIAMETER MEAN MEAN VALUE CHOSEN, OVARIAN FOLLICLE RIGHT 4 FOLLICLE DIAMETER FOLLICLE DIAMETER MEAN MEAN VALUE CHOSEN,1,/report/document/content/item/concept[@codValue='125000']/../item/concept[@codValue='121070']/../item/concept[@codValue='G-C171']/../value[@codValue='G-A100']/../../item/concept[@codValue='G-C0E3']/../value[@codValue='T-87600']/../../item/concept[@codValue='125007']/../item[value='4']/concept[@codValue='12510']/../../item/concept[@codValue='11793-7']/../item/concept[@codValue='121404']/../value[@codValue='121412']/../../item/concept[@codValue='121401']/../value[@codValue='R-00317']/../../value,/report/document/content/item/concept[@codValue='125000']/../item/concept[@codValue='121070']/../item/concept[@codValue='G-C171']/../value[@codValue='G-A100']/../../item/concept[@codValue='G-C0E3']/../value[@codValue='T-87600']/../../item/concept[@codValue='125007']/../item[value='4']/concept[@codValue='12510']/../../item/concept[@codValue='11793-7']/../item/concept[@codValue='121404']/../value[@codValue='121412']/../../item/concept[@codValue='121401']/../value[@codValue='R-00317']/../../unit,Ovarian Follicle,NULL,NULL,1,1
61,200060,1, OVARIAN FOLLICLE RIGHT 4 VOLUME, OVARIAN FOLLICLE RIGHT 4 VOLUME,1,/report/document/content/item/concept[@codValue='125000']/../item/concept[@codValue='121070']/../item/concept[@codValue='G-C171']/../value[@codValue='G-A100']/../../item/concept[@codValue='G-C0E3']/../value[@codValue='T-87600']/../../item/concept[@codValue='125007']/../item[value='4']/concept[@codValue='12510']/../../item/concept[@codValue='G-D705']/../value,/report/document/content/item/concept[@codValue='125000']/../item/concept[@codValue='121070']/../item/concept[@codValue='G-C171']/../value[@codValue='G-A100']/../../item/concept[@codValue='G-C0E3']/../value[@codValue='T-87600']/../../item/concept[@codValue='125007']/../item[value='4']/concept[@codValue='12510']/../../item/concept[@codValue='G-D705']/../unit,Ovarian Follicle,NULL,NULL,1,1
62,200061,1, OVARIAN FOLLICLE RIGHT 5 FOLLICLE DIAMETER FOLLICLE DIAMETER, OVARIAN FOLLICLE RIGHT 5 FOLLICLE DIAMETER FOLLICLE DIAMETER,1,/report/document/content/item/concept[@codValue='125000']/../item/concept[@codValue='121070']/../item/concept[@codValue='G-C171']/../value[@codValue='G-A100']/../../item/concept[@codValue='G-C0E3']/../value[@codValue='T-87600']/../../item/concept[@codValue='125007']/../item[value='5']/concept[@codValue='12510']/../../item/concept[@codValue='11793-7']/../value,/report/document/content/item/concept[@codValue='125000']/../item/concept[@codValue='121070']/../item/concept[@codValue='G-C171']/../value[@codValue='G-A100']/../../item/concept[@codValue='G-C0E3']/../value[@codValue='T-87600']/../../item/concept[@codValue='125007']/../item[value='5']/concept[@codValue='12510']/../../item/concept[@codValue='11793-7']/../unit,Ovarian Follicle,NULL,NULL,1,1
63,200062,1, OVARIAN FOLLICLE RIGHT 5 FOLLICLE DIAMETER FOLLICLE DIAMETER MEAN MEAN VALUE CHOSEN, OVARIAN FOLLICLE RIGHT 5 FOLLICLE DIAMETER FOLLICLE DIAMETER MEAN MEAN VALUE CHOSEN,1,/report/document/content/item/concept[@codValue='125000']/../item/concept[@codValue='121070']/../item/concept[@codValue='G-C171']/../value[@codValue='G-A100']/../../item/concept[@codValue='G-C0E3']/../value[@codValue='T-87600']/../../item/concept[@codValue='125007']/../item[value='5']/concept[@codValue='12510']/../../item/concept[@codValue='11793-7']/../item/concept[@codValue='121404']/../value[@codValue='121412']/../../item/concept[@codValue='121401']/../value[@codValue='R-00317']/../../value,/report/document/content/item/concept[@codValue='125000']/../item/concept[@codValue='121070']/../item/concept[@codValue='G-C171']/../value[@codValue='G-A100']/../../item/concept[@codValue='G-C0E3']/../value[@codValue='T-87600']/../../item/concept[@codValue='125007']/../item[value='5']/concept[@codValue='12510']/../../item/concept[@codValue='11793-7']/../item/concept[@codValue='121404']/../value[@codValue='121412']/../../item/concept[@codValue='121401']/../value[@codValue='R-00317']/../../unit,Ovarian Follicle,NULL,NULL,1,1
64,200063,1, OVARIAN FOLLICLE RIGHT 5 VOLUME, OVARIAN FOLLICLE RIGHT 5 VOLUME,1,/report/document/content/item/concept[@codValue='125000']/../item/concept[@codValue='121070']/../item/concept[@codValue='G-C171']/../value[@codValue='G-A100']/../../item/concept[@codValue='G-C0E3']/../value[@codValue='T-87600']/../../item/concept[@codValue='125007']/../item[value='5']/concept[@codValue='12510']/../../item/concept[@codValue='G-D705']/../value,/report/document/content/item/concept[@codValue='125000']/../item/concept[@codValue='121070']/../item/concept[@codValue='G-C171']/../value[@codValue='G-A100']/../../item/concept[@codValue='G-C0E3']/../value[@codValue='T-87600']/../../item/concept[@codValue='125007']/../item[value='5']/concept[@codValue='12510']/../../item/concept[@codValue='G-D705']/../unit,Ovarian Follicle,NULL,NULL,1,1
65,200064,1, OVARIAN FOLLICLE RIGHT 6 FOLLICLE DIAMETER FOLLICLE DIAMETER, OVARIAN FOLLICLE RIGHT 6 FOLLICLE DIAMETER FOLLICLE DIAMETER,1,/report/document/content/item/concept[@codValue='125000']/../item/concept[@codValue='121070']/../item/concept[@codValue='G-C171']/../value[@codValue='G-A100']/../../item/concept[@codValue='G-C0E3']/../value[@codValue='T-87600']/../../item/concept[@codValue='125007']/../item[value='6']/concept[@codValue='12510']/../../item/concept[@codValue='11793-7']/../value,/report/document/content/item/concept[@codValue='125000']/../item/concept[@codValue='121070']/../item/concept[@codValue='G-C171']/../value[@codValue='G-A100']/../../item/concept[@codValue='G-C0E3']/../value[@codValue='T-87600']/../../item/concept[@codValue='125007']/../item[value='6']/concept[@codValue='12510']/../../item/concept[@codValue='11793-7']/../unit,Ovarian Follicle,NULL,NULL,1,1
66,200065,1, OVARIAN FOLLICLE RIGHT 6 FOLLICLE DIAMETER FOLLICLE DIAMETER MEAN MEAN VALUE CHOSEN, OVARIAN FOLLICLE RIGHT 6 FOLLICLE DIAMETER FOLLICLE DIAMETER MEAN MEAN VALUE CHOSEN,1,/report/document/content/item/concept[@codValue='125000']/../item/concept[@codValue='121070']/../item/concept[@codValue='G-C171']/../value[@codValue='G-A100']/../../item/concept[@codValue='G-C0E3']/../value[@codValue='T-87600']/../../item/concept[@codValue='125007']/../item[value='6']/concept[@codValue='12510']/../../item/concept[@codValue='11793-7']/../item/concept[@codValue='121404']/../value[@codValue='121412']/../../item/concept[@codValue='121401']/../value[@codValue='R-00317']/../../value,/report/document/content/item/concept[@codValue='125000']/../item/concept[@codValue='121070']/../item/concept[@codValue='G-C171']/../value[@codValue='G-A100']/../../item/concept[@codValue='G-C0E3']/../value[@codValue='T-87600']/../../item/concept[@codValue='125007']/../item[value='6']/concept[@codValue='12510']/../../item/concept[@codValue='11793-7']/../item/concept[@codValue='121404']/../value[@codValue='121412']/../../item/concept[@codValue='121401']/../value[@codValue='R-00317']/../../unit,Ovarian Follicle,NULL,NULL,1,1
67,200066,1, OVARIAN FOLLICLE RIGHT 6 VOLUME, OVARIAN FOLLICLE RIGHT 6 VOLUME,1,/report/document/content/item/concept[@codValue='125000']/../item/concept[@codValue='121070']/../item/concept[@codValue='G-C171']/../value[@codValue='G-A100']/../../item/concept[@codValue='G-C0E3']/../value[@codValue='T-87600']/../../item/concept[@codValue='125007']/../item[value='6']/concept[@codValue='12510']/../../item/concept[@codValue='G-D705']/../value,/report/document/content/item/concept[@codValue='125000']/../item/concept[@codValue='121070']/../item/concept[@codValue='G-C171']/../value[@codValue='G-A100']/../../item/concept[@codValue='G-C0E3']/../value[@codValue='T-87600']/../../item/concept[@codValue='125007']/../item[value='6']/concept[@codValue='12510']/../../item/concept[@codValue='G-D705']/../unit,Ovarian Follicle,NULL,NULL,1,1
68,200067,1, OVARIAN FOLLICLE RIGHT 7 FOLLICLE DIAMETER FOLLICLE DIAMETER, OVARIAN FOLLICLE RIGHT 7 FOLLICLE DIAMETER FOLLICLE DIAMETER,1,/report/document/content/item/concept[@codValue='125000']/../item/concept[@codValue='121070']/../item/concept[@codValue='G-C171']/../value[@codValue='G-A100']/../../item/concept[@codValue='G-C0E3']/../value[@codValue='T-87600']/../../item/concept[@codValue='125007']/../item[value='7']/concept[@codValue='12510']/../../item/concept[@codValue='11793-7']/../value,/report/document/content/item/concept[@codValue='125000']/../item/concept[@codValue='121070']/../item/concept[@codValue='G-C171']/../value[@codValue='G-A100']/../../item/concept[@codValue='G-C0E3']/../value[@codValue='T-87600']/../../item/concept[@codValue='125007']/../item[value='7']/concept[@codValue='12510']/../../item/concept[@codValue='11793-7']/../unit,Ovarian Follicle,NULL,NULL,1,1
69,200068,1, OVARIAN FOLLICLE RIGHT 7 FOLLICLE DIAMETER FOLLICLE DIAMETER MEAN MEAN VALUE CHOSEN, OVARIAN FOLLICLE RIGHT 7 FOLLICLE DIAMETER FOLLICLE DIAMETER MEAN MEAN VALUE CHOSEN,1,/report/document/content/item/concept[@codValue='125000']/../item/concept[@codValue='121070']/../item/concept[@codValue='G-C171']/../value[@codValue='G-A100']/../../item/concept[@codValue='G-C0E3']/../value[@codValue='T-87600']/../../item/concept[@codValue='125007']/../item[value='7']/concept[@codValue='12510']/../../item/concept[@codValue='11793-7']/../item/concept[@codValue='121404']/../value[@codValue='121412']/../../item/concept[@codValue='121401']/../value[@codValue='R-00317']/../../value,/report/document/content/item/concept[@codValue='125000']/../item/concept[@codValue='121070']/../item/concept[@codValue='G-C171']/../value[@codValue='G-A100']/../../item/concept[@codValue='G-C0E3']/../value[@codValue='T-87600']/../../item/concept[@codValue='125007']/../item[value='7']/concept[@codValue='12510']/../../item/concept[@codValue='11793-7']/../item/concept[@codValue='121404']/../value[@codValue='121412']/../../item/concept[@codValue='121401']/../value[@codValue='R-00317']/../../unit,Ovarian Follicle,NULL,NULL,1,1
70,200069,1, OVARIAN FOLLICLE RIGHT 7 VOLUME, OVARIAN FOLLICLE RIGHT 7 VOLUME,1,/report/document/content/item/concept[@codValue='125000']/../item/concept[@codValue='121070']/../item/concept[@codValue='G-C171']/../value[@codValue='G-A100']/../../item/concept[@codValue='G-C0E3']/../value[@codValue='T-87600']/../../item/concept[@codValue='125007']/../item[value='7']/concept[@codValue='12510']/../../item/concept[@codValue='G-D705']/../value,/report/document/content/item/concept[@codValue='125000']/../item/concept[@codValue='121070']/../item/concept[@codValue='G-C171']/../value[@codValue='G-A100']/../../item/concept[@codValue='G-C0E3']/../value[@codValue='T-87600']/../../item/concept[@codValue='125007']/../item[value='7']/concept[@codValue='12510']/../../item/concept[@codValue='G-D705']/../unit,Ovarian Follicle,NULL,NULL,1,1
71,200070,1, OVARIAN FOLLICLE RIGHT 8 FOLLICLE DIAMETER FOLLICLE DIAMETER, OVARIAN FOLLICLE RIGHT 8 FOLLICLE DIAMETER FOLLICLE DIAMETER,1,/report/document/content/item/concept[@codValue='125000']/../item/concept[@codValue='121070']/../item/concept[@codValue='G-C171']/../value[@codValue='G-A100']/../../item/concept[@codValue='G-C0E3']/../value[@codValue='T-87600']/../../item/concept[@codValue='125007']/../item[value='8']/concept[@codValue='12510']/../../item/concept[@codValue='11793-7']/../value,/report/document/content/item/concept[@codValue='125000']/../item/concept[@codValue='121070']/../item/concept[@codValue='G-C171']/../value[@codValue='G-A100']/../../item/concept[@codValue='G-C0E3']/../value[@codValue='T-87600']/../../item/concept[@codValue='125007']/../item[value='8']/concept[@codValue='12510']/../../item/concept[@codValue='11793-7']/../unit,Ovarian Follicle,NULL,NULL,1,1
72,200071,1, OVARIAN FOLLICLE RIGHT 8 FOLLICLE DIAMETER FOLLICLE DIAMETER MEAN MEAN VALUE CHOSEN, OVARIAN FOLLICLE RIGHT 8 FOLLICLE DIAMETER FOLLICLE DIAMETER MEAN MEAN VALUE CHOSEN,1,/report/document/content/item/concept[@codValue='125000']/../item/concept[@codValue='121070']/../item/concept[@codValue='G-C171']/../value[@codValue='G-A100']/../../item/concept[@codValue='G-C0E3']/../value[@codValue='T-87600']/../../item/concept[@codValue='125007']/../item[value='8']/concept[@codValue='12510']/../../item/concept[@codValue='11793-7']/../item/concept[@codValue='121404']/../value[@codValue='121412']/../../item/concept[@codValue='121401']/../value[@codValue='R-00317']/../../value,/report/document/content/item/concept[@codValue='125000']/../item/concept[@codValue='121070']/../item/concept[@codValue='G-C171']/../value[@codValue='G-A100']/../../item/concept[@codValue='G-C0E3']/../value[@codValue='T-87600']/../../item/concept[@codValue='125007']/../item[value='8']/concept[@codValue='12510']/../../item/concept[@codValue='11793-7']/../item/concept[@codValue='121404']/../value[@codValue='121412']/../../item/concept[@codValue='121401']/../value[@codValue='R-00317']/../../unit,Ovarian Follicle,NULL,NULL,1,1
73,200072,1, OVARIAN FOLLICLE RIGHT 8 VOLUME, OVARIAN FOLLICLE RIGHT 8 VOLUME,1,/report/document/content/item/concept[@codValue='125000']/../item/concept[@codValue='121070']/../item/concept[@codValue='G-C171']/../value[@codValue='G-A100']/../../item/concept[@codValue='G-C0E3']/../value[@codValue='T-87600']/../../item/concept[@codValue='125007']/../item[value='8']/concept[@codValue='12510']/../../item/concept[@codValue='G-D705']/../value,/report/document/content/item/concept[@codValue='125000']/../item/concept[@codValue='121070']/../item/concept[@codValue='G-C171']/../value[@codValue='G-A100']/../../item/concept[@codValue='G-C0E3']/../value[@codValue='T-87600']/../../item/concept[@codValue='125007']/../item[value='8']/concept[@codValue='12510']/../../item/concept[@codValue='G-D705']/../unit,Ovarian Follicle,NULL,NULL,1,1
74,200073,1, OVARIAN FOLLICLE RIGHT 9 FOLLICLE DIAMETER FOLLICLE DIAMETER, OVARIAN FOLLICLE RIGHT 9 FOLLICLE DIAMETER FOLLICLE DIAMETER,1,/report/document/content/item/concept[@codValue='125000']/../item/concept[@codValue='121070']/../item/concept[@codValue='G-C171']/../value[@codValue='G-A100']/../../item/concept[@codValue='G-C0E3']/../value[@codValue='T-87600']/../../item/concept[@codValue='125007']/../item[value='9']/concept[@codValue='12510']/../../item/concept[@codValue='11793-7']/../value,/report/document/content/item/concept[@codValue='125000']/../item/concept[@codValue='121070']/../item/concept[@codValue='G-C171']/../value[@codValue='G-A100']/../../item/concept[@codValue='G-C0E3']/../value[@codValue='T-87600']/../../item/concept[@codValue='125007']/../item[value='9']/concept[@codValue='12510']/../../item/concept[@codValue='11793-7']/../unit,Ovarian Follicle,NULL,NULL,1,1
75,200074,1, OVARIAN FOLLICLE RIGHT 9 FOLLICLE DIAMETER FOLLICLE DIAMETER MEAN MEAN VALUE CHOSEN, OVARIAN FOLLICLE RIGHT 9 FOLLICLE DIAMETER FOLLICLE DIAMETER MEAN MEAN VALUE CHOSEN,1,/report/document/content/item/concept[@codValue='125000']/../item/concept[@codValue='121070']/../item/concept[@codValue='G-C171']/../value[@codValue='G-A100']/../../item/concept[@codValue='G-C0E3']/../value[@codValue='T-87600']/../../item/concept[@codValue='125007']/../item[value='9']/concept[@codValue='12510']/../../item/concept[@codValue='11793-7']/../item/concept[@codValue='121404']/../value[@codValue='121412']/../../item/concept[@codValue='121401']/../value[@codValue='R-00317']/../../value,/report/document/content/item/concept[@codValue='125000']/../item/concept[@codValue='121070']/../item/concept[@codValue='G-C171']/../value[@codValue='G-A100']/../../item/concept[@codValue='G-C0E3']/../value[@codValue='T-87600']/../../item/concept[@codValue='125007']/../item[value='9']/concept[@codValue='12510']/../../item/concept[@codValue='11793-7']/../item/concept[@codValue='121404']/../value[@codValue='121412']/../../item/concept[@codValue='121401']/../value[@codValue='R-00317']/../../unit,Ovarian Follicle,NULL,NULL,1,1
76,200075,1, OVARIAN FOLLICLE RIGHT 9 VOLUME, OVARIAN FOLLICLE RIGHT 9 VOLUME,1,/report/document/content/item/concept[@codValue='125000']/../item/concept[@codValue='121070']/../item/concept[@codValue='G-C171']/../value[@codValue='G-A100']/../../item/concept[@codValue='G-C0E3']/../value[@codValue='T-87600']/../../item/concept[@codValue='125007']/../item[value='9']/concept[@codValue='12510']/../../item/concept[@codValue='G-D705']/../value,/report/document/content/item/concept[@codValue='125000']/../item/concept[@codValue='121070']/../item/concept[@codValue='G-C171']/../value[@codValue='G-A100']/../../item/concept[@codValue='G-C0E3']/../value[@codValue='T-87600']/../../item/concept[@codValue='125007']/../item[value='9']/concept[@codValue='12510']/../../item/concept[@codValue='G-D705']/../unit,Ovarian Follicle,NULL,NULL,1,1
77,200076,1, OVARIAN FOLLICLE RIGHT 10 FOLLICLE DIAMETER FOLLICLE DIAMETER, OVARIAN FOLLICLE RIGHT 10 FOLLICLE DIAMETER FOLLICLE DIAMETER,1,/report/document/content/item/concept[@codValue='125000']/../item/concept[@codValue='121070']/../item/concept[@codValue='G-C171']/../value[@codValue='G-A100']/../../item/concept[@codValue='G-C0E3']/../value[@codValue='T-87600']/../../item/concept[@codValue='125007']/../item[value='10']/concept[@codValue='12510']/../../item/concept[@codValue='11793-7']/../value,/report/document/content/item/concept[@codValue='125000']/../item/concept[@codValue='121070']/../item/concept[@codValue='G-C171']/../value[@codValue='G-A100']/../../item/concept[@codValue='G-C0E3']/../value[@codValue='T-87600']/../../item/concept[@codValue='125007']/../item[value='10']/concept[@codValue='12510']/../../item/concept[@codValue='11793-7']/../unit,Ovarian Follicle,NULL,NULL,1,1
78,200077,1, OVARIAN FOLLICLE RIGHT 10 FOLLICLE DIAMETER FOLLICLE DIAMETER MEAN MEAN VALUE CHOSEN, OVARIAN FOLLICLE RIGHT 10 FOLLICLE DIAMETER FOLLICLE DIAMETER MEAN MEAN VALUE CHOSEN,1,/report/document/content/item/concept[@codValue='125000']/../item/concept[@codValue='121070']/../item/concept[@codValue='G-C171']/../value[@codValue='G-A100']/../../item/concept[@codValue='G-C0E3']/../value[@codValue='T-87600']/../../item/concept[@codValue='125007']/../item[value='10']/concept[@codValue='12510']/../../item/concept[@codValue='11793-7']/../item/concept[@codValue='121404']/../value[@codValue='121412']/../../item/concept[@codValue='121401']/../value[@codValue='R-00317']/../../value,/report/document/content/item/concept[@codValue='125000']/../item/concept[@codValue='121070']/../item/concept[@codValue='G-C171']/../value[@codValue='G-A100']/../../item/concept[@codValue='G-C0E3']/../value[@codValue='T-87600']/../../item/concept[@codValue='125007']/../item[value='10']/concept[@codValue='12510']/../../item/concept[@codValue='11793-7']/../item/concept[@codValue='121404']/../value[@codValue='121412']/../../item/concept[@codValue='121401']/../value[@codValue='R-00317']/../../unit,Ovarian Follicle,NULL,NULL,1,1
79,200078,1, OVARIAN FOLLICLE RIGHT 10 VOLUME, OVARIAN FOLLICLE RIGHT 10 VOLUME,1,/report/document/content/item/concept[@codValue='125000']/../item/concept[@codValue='121070']/../item/concept[@codValue='G-C171']/../value[@codValue='G-A100']/../../item/concept[@codValue='G-C0E3']/../value[@codValue='T-87600']/../../item/concept[@codValue='125007']/../item[value='10']/concept[@codValue='12510']/../../item/concept[@codValue='G-D705']/../value,/report/document/content/item/concept[@codValue='125000']/../item/concept[@codValue='121070']/../item/concept[@codValue='G-C171']/../value[@codValue='G-A100']/../../item/concept[@codValue='G-C0E3']/../value[@codValue='T-87600']/../../item/concept[@codValue='125007']/../item[value='10']/concept[@codValue='12510']/../../item/concept[@codValue='G-D705']/../unit,Ovarian Follicle,NULL,NULL,1,1
80,200079,1, OVARY LEFT OVARY HEIGHT LEFT OVARY HEIGHT, OVARY LEFT OVARY HEIGHT LEFT OVARY HEIGHT,1,/report/document/content/item/concept[@codValue='125000']/../item/concept[@codValue='121070']/../item/concept[@codValue='G-C0E3']/../value[@codValue='T-87000']/../../item/concept[@codValue='T-87000']/../item/concept[@codValue='11857-0']/../value,/report/document/content/item/concept[@codValue='125000']/../item/concept[@codValue='121070']/../item/concept[@codValue='G-C0E3']/../value[@codValue='T-87000']/../../item/concept[@codValue='T-87000']/../item/concept[@codValue='11857-0']/../unit,Ovary,NULL,NULL,0,0
81,200080,1, OVARY LEFT OVARY HEIGHT LEFT OVARY HEIGHT MEAN MEAN VALUE CHOSEN, OVARY LEFT OVARY HEIGHT LEFT OVARY HEIGHT MEAN MEAN VALUE CHOSEN,1,/report/document/content/item/concept[@codValue='125000']/../item/concept[@codValue='121070']/../item/concept[@codValue='G-C0E3']/../value[@codValue='T-87000']/../../item/concept[@codValue='T-87000']/../item/concept[@codValue='11857-0']/../item/concept[@codValue='121404']/../value[@codValue='121412']/../../item/concept[@codValue='121401']/../value[@codValue='R-00317']/../../value,/report/document/content/item/concept[@codValue='125000']/../item/concept[@codValue='121070']/../item/concept[@codValue='G-C0E3']/../value[@codValue='T-87000']/../../item/concept[@codValue='T-87000']/../item/concept[@codValue='11857-0']/../item/concept[@codValue='121404']/../value[@codValue='121412']/../../item/concept[@codValue='121401']/../value[@codValue='R-00317']/../../unit,Ovary,NULL,NULL,0,0
82,200081,1, OVARY LEFT OVARY LENGTH LEFT OVARY LENGTH, OVARY LEFT OVARY LENGTH LEFT OVARY LENGTH,1,/report/document/content/item/concept[@codValue='125000']/../item/concept[@codValue='121070']/../item/concept[@codValue='G-C0E3']/../value[@codValue='T-87000']/../../item/concept[@codValue='T-87000']/../item/concept[@codValue='11840-6']/../value,/report/document/content/item/concept[@codValue='125000']/../item/concept[@codValue='121070']/../item/concept[@codValue='G-C0E3']/../value[@codValue='T-87000']/../../item/concept[@codValue='T-87000']/../item/concept[@codValue='11840-6']/../unit,Ovary,NULL,NULL,0,0
83,200082,1, OVARY LEFT OVARY LENGTH LEFT OVARY LENGTH MEAN MEAN VALUE CHOSEN, OVARY LEFT OVARY LENGTH LEFT OVARY LENGTH MEAN MEAN VALUE CHOSEN,1,/report/document/content/item/concept[@codValue='125000']/../item/concept[@codValue='121070']/../item/concept[@codValue='G-C0E3']/../value[@codValue='T-87000']/../../item/concept[@codValue='T-87000']/../item/concept[@codValue='11840-6']/../item/concept[@codValue='121404']/../value[@codValue='121412']/../../item/concept[@codValue='121401']/../value[@codValue='R-00317']/../../value,/report/document/content/item/concept[@codValue='125000']/../item/concept[@codValue='121070']/../item/concept[@codValue='G-C0E3']/../value[@codValue='T-87000']/../../item/concept[@codValue='T-87000']/../item/concept[@codValue='11840-6']/../item/concept[@codValue='121404']/../value[@codValue='121412']/../../item/concept[@codValue='121401']/../value[@codValue='R-00317']/../../unit,Ovary,NULL,NULL,0,0
84,200083,1, OVARY LEFT OVARY WIDTH LEFT OVARY WIDTH, OVARY LEFT OVARY WIDTH LEFT OVARY WIDTH,1,/report/document/content/item/concept[@codValue='125000']/../item/concept[@codValue='121070']/../item/concept[@codValue='G-C0E3']/../value[@codValue='T-87000']/../../item/concept[@codValue='T-87000']/../item/concept[@codValue='11829-9']/../value,/report/document/content/item/concept[@codValue='125000']/../item/concept[@codValue='121070']/../item/concept[@codValue='G-C0E3']/../value[@codValue='T-87000']/../../item/concept[@codValue='T-87000']/../item/concept[@codValue='11829-9']/../unit,Ovary,NULL,NULL,0,0
85,200084,1, OVARY LEFT OVARY WIDTH LEFT OVARY WIDTH MEAN MEAN VALUE CHOSEN, OVARY LEFT OVARY WIDTH LEFT OVARY WIDTH MEAN MEAN VALUE CHOSEN,1,/report/document/content/item/concept[@codValue='125000']/../item/concept[@codValue='121070']/../item/concept[@codValue='G-C0E3']/../value[@codValue='T-87000']/../../item/concept[@codValue='T-87000']/../item/concept[@codValue='11829-9']/../item/concept[@codValue='121404']/../value[@codValue='121412']/../../item/concept[@codValue='121401']/../value[@codValue='R-00317']/../../value,/report/document/content/item/concept[@codValue='125000']/../item/concept[@codValue='121070']/../item/concept[@codValue='G-C0E3']/../value[@codValue='T-87000']/../../item/concept[@codValue='T-87000']/../item/concept[@codValue='11829-9']/../item/concept[@codValue='121404']/../value[@codValue='121412']/../../item/concept[@codValue='121401']/../value[@codValue='R-00317']/../../unit,Ovary,NULL,NULL,0,0
86,200085,1, OVARY LEFT OVARY VOLUME, OVARY LEFT OVARY VOLUME,1,/report/document/content/item/concept[@codValue='125000']/../item/concept[@codValue='121070']/../item/concept[@codValue='G-C0E3']/../value[@codValue='T-87000']/../../item/concept[@codValue='T-87000']/../item/concept[@codValue='12164-0']/../value,/report/document/content/item/concept[@codValue='125000']/../item/concept[@codValue='121070']/../item/concept[@codValue='G-C0E3']/../value[@codValue='T-87000']/../../item/concept[@codValue='T-87000']/../item/concept[@codValue='12164-0']/../unit,Ovary,NULL,NULL,0,0
87,200086,1, OVARY RIGHT OVARY HEIGHT RIGHT OVARY HEIGHT, OVARY RIGHT OVARY HEIGHT RIGHT OVARY HEIGHT,1,/report/document/content/item/concept[@codValue='125000']/../item/concept[@codValue='121070']/../item/concept[@codValue='G-C0E3']/../value[@codValue='T-87000']/../../item/concept[@codValue='T-87000']/../item/concept[@codValue='11858-8']/../value,/report/document/content/item/concept[@codValue='125000']/../item/concept[@codValue='121070']/../item/concept[@codValue='G-C0E3']/../value[@codValue='T-87000']/../../item/concept[@codValue='T-87000']/../item/concept[@codValue='11858-8']/../unit,Ovary,NULL,NULL,0,0
88,200087,1, OVARY RIGHT OVARY HEIGHT RIGHT OVARY HEIGHT MEAN MEAN VALUE CHOSEN, OVARY RIGHT OVARY HEIGHT RIGHT OVARY HEIGHT MEAN MEAN VALUE CHOSEN,1,/report/document/content/item/concept[@codValue='125000']/../item/concept[@codValue='121070']/../item/concept[@codValue='G-C0E3']/../value[@codValue='T-87000']/../../item/concept[@codValue='T-87000']/../item/concept[@codValue='11858-8']/../item/concept[@codValue='121404']/../value[@codValue='121412']/../../item/concept[@codValue='121401']/../value[@codValue='R-00317']/../../value,/report/document/content/item/concept[@codValue='125000']/../item/concept[@codValue='121070']/../item/concept[@codValue='G-C0E3']/../value[@codValue='T-87000']/../../item/concept[@codValue='T-87000']/../item/concept[@codValue='11858-8']/../item/concept[@codValue='121404']/../value[@codValue='121412']/../../item/concept[@codValue='121401']/../value[@codValue='R-00317']/../../unit,Ovary,NULL,NULL,0,0
89,200088,1, OVARY RIGHT OVARY LENGTH RIGHT OVARY LENGTH, OVARY RIGHT OVARY LENGTH RIGHT OVARY LENGTH,1,/report/document/content/item/concept[@codValue='125000']/../item/concept[@codValue='121070']/../item/concept[@codValue='G-C0E3']/../value[@codValue='T-87000']/../../item/concept[@codValue='T-87000']/../item/concept[@codValue='11841-4']/../value,/report/document/content/item/concept[@codValue='125000']/../item/concept[@codValue='121070']/../item/concept[@codValue='G-C0E3']/../value[@codValue='T-87000']/../../item/concept[@codValue='T-87000']/../item/concept[@codValue='11841-4']/../unit,Ovary,NULL,NULL,0,0
90,200089,1, OVARY RIGHT OVARY LENGTH RIGHT OVARY LENGTH MEAN MEAN VALUE CHOSEN, OVARY RIGHT OVARY LENGTH RIGHT OVARY LENGTH MEAN MEAN VALUE CHOSEN,1,/report/document/content/item/concept[@codValue='125000']/../item/concept[@codValue='121070']/../item/concept[@codValue='G-C0E3']/../value[@codValue='T-87000']/../../item/concept[@codValue='T-87000']/../item/concept[@codValue='11841-4']/../item/concept[@codValue='121404']/../value[@codValue='121412']/../../item/concept[@codValue='121401']/../value[@codValue='R-00317']/../../value,/report/document/content/item/concept[@codValue='125000']/../item/concept[@codValue='121070']/../item/concept[@codValue='G-C0E3']/../value[@codValue='T-87000']/../../item/concept[@codValue='T-87000']/../item/concept[@codValue='11841-4']/../item/concept[@codValue='121404']/../value[@codValue='121412']/../../item/concept[@codValue='121401']/../value[@codValue='R-00317']/../../unit,Ovary,NULL,NULL,0,0
91,200090,1, OVARY RIGHT OVARY WIDTH RIGHT OVARY WIDTH, OVARY RIGHT OVARY WIDTH RIGHT OVARY WIDTH,1,/report/document/content/item/concept[@codValue='125000']/../item/concept[@codValue='121070']/../item/concept[@codValue='G-C0E3']/../value[@codValue='T-87000']/../../item/concept[@codValue='T-87000']/../item/concept[@codValue='11830-7']/../value,/report/document/content/item/concept[@codValue='125000']/../item/concept[@codValue='121070']/../item/concept[@codValue='G-C0E3']/../value[@codValue='T-87000']/../../item/concept[@codValue='T-87000']/../item/concept[@codValue='11830-7']/../unit,Ovary,NULL,NULL,0,0
92,200091,1, OVARY RIGHT OVARY WIDTH RIGHT OVARY WIDTH MEAN MEAN VALUE CHOSEN, OVARY RIGHT OVARY WIDTH RIGHT OVARY WIDTH MEAN MEAN VALUE CHOSEN,1,/report/document/content/item/concept[@codValue='125000']/../item/concept[@codValue='121070']/../item/concept[@codValue='G-C0E3']/../value[@codValue='T-87000']/../../item/concept[@codValue='T-87000']/../item/concept[@codValue='11830-7']/../item/concept[@codValue='121404']/../value[@codValue='121412']/../../item/concept[@codValue='121401']/../value[@codValue='R-00317']/../../value,/report/document/content/item/concept[@codValue='125000']/../item/concept[@codValue='121070']/../item/concept[@codValue='G-C0E3']/../value[@codValue='T-87000']/../../item/concept[@codValue='T-87000']/../item/concept[@codValue='11830-7']/../item/concept[@codValue='121404']/../value[@codValue='121412']/../../item/concept[@codValue='121401']/../value[@codValue='R-00317']/../../unit,Ovary,NULL,NULL,0,0
93,200092,1, OVARY RIGHT OVARY VOLUME, OVARY RIGHT OVARY VOLUME,1,/report/document/content/item/concept[@codValue='125000']/../item/concept[@codValue='121070']/../item/concept[@codValue='G-C0E3']/../value[@codValue='T-87000']/../../item/concept[@codValue='T-87000']/../item/concept[@codValue='12165-7']/../value,/report/document/content/item/concept[@codValue='125000']/../item/concept[@codValue='121070']/../item/concept[@codValue='G-C0E3']/../value[@codValue='T-87000']/../../item/concept[@codValue='T-87000']/../item/concept[@codValue='12165-7']/../unit,Ovary,NULL,NULL,0,0
